{
    "batch_size": 128,
    "gamma": 0.9395049487155621,
    "learning_rate": 0.0002989564293259529,
    "policy_kwargs": {
        "net_arch": [
            32,
            32
        ]
    },
    "use_sde": false
}