{
    "batch_size": 128,
    "gamma": 0.9747266108951899,
    "learning_rate": 0.0013823879897155264,
    "policy_kwargs": {
        "net_arch": [
            128,
            128
        ]
    },
    "use_sde": false
}